--- INSERT -----
INSERT INTO PASSAGEIRO (NOME_PASSAGEIRO, CPF, DATA_NASCIMENTO, NATURALIDADE, IDADE) VALUES 
('João Silva', '11111111111', '1985-05-15', 'São Paulo', 39),
('Maria Oliveira', '22222222222', '1990-07-20', 'Rio de Janeiro', 34),
('Carlos Souza', '33333333333', '1980-03-25', 'Belo Horizonte', 44),
('Ana Pereira', '44444444444', '1995-12-10', 'Curitiba', 28),
('José Santos', '55555555555', '1982-01-05', 'Salvador', 42),
('Lucas Costa', '66666666666', '1988-06-17', 'Fortaleza', 36),
('Mariana Lima', '77777777777', '1993-11-30', 'Recife', 30),
('Pedro Rocha', '88888888888', '1978-09-12', 'Manaus', 45),
('Clara Almeida', '99999999999', '2000-02-22', 'Porto Alegre', 24),
('Ricardo Mendes', '12345678901', '1975-04-07', 'Brasília', 49),
('Fernanda Azevedo', '23456789012', '1989-08-18', 'São Paulo', 34),
('Gabriel Barbosa', '34567890123', '1984-03-19', 'Rio de Janeiro', 40),
('Rafael Nogueira', '45678901234', '1992-07-15', 'Belo Horizonte', 32),
('Beatriz Carvalho', '56789012345', '1997-10-28', 'Curitiba', 26),
('Leandro Ribeiro', '67890123456', '1981-11-03', 'Salvador', 42),
('Juliana Fernandes', '78901234567', '1987-06-12', 'Fortaleza', 37),
('Thiago Costa', '89012345678', '1994-09-21', 'Recife', 29),
('Vanessa Silva', '90123456789', '1979-05-30', 'Manaus', 44),
('Felipe Martins', '01234567890', '1986-12-08', 'Porto Alegre', 37),
('Camila Correia', '10234567890', '1991-02-17', 'Brasília', 33),
('Daniel Santos', '11234567890', '1998-03-29', 'São Paulo', 26),
('Tatiana Gomes', '12234567890', '1983-04-14', 'Rio de Janeiro', 41),
('André Almeida', '13234567890', '1976-01-23', 'Belo Horizonte', 48),
('Bruna Vieira', '14234567890', '1996-11-19', 'Curitiba', 27),
('Fernando Dias', '15234567890', '1985-08-02', 'Salvador', 39),
('Patrícia Teixeira', '16234567890', '1990-10-13', 'Fortaleza', 33),
('Rodrigo Ferreira', '17234567890', '1982-02-26', 'Recife', 42),
('Larissa Pinto', '18234567890', '1977-12-07', 'Manaus', 46),
('Eduardo Monteiro', '19234567890', '1994-06-11', 'Porto Alegre', 30),
('Isabela Silva', '20234567890', '1981-05-22', 'Brasília', 43),
('Leonardo Rezende', '21234567890', '1989-09-03', 'São Paulo', 34),
('Cecília Ramos', '22234567890', '1978-10-25', 'Rio de Janeiro', 45),
('Roberto Costa', '23234567890', '1986-03-07', 'Belo Horizonte', 38),
('Paula Figueiredo', '24234567890', '1993-12-18', 'Curitiba', 30),
('Vinícius Oliveira', '25234567890', '1984-07-05', 'Salvador', 40),
('Luana Lima', '26234567890', '1992-01-16', 'Fortaleza', 32),
('Hugo Pereira', '27234567890', '1997-03-28', 'Recife', 27),
('Sabrina Melo', '28234567890', '1988-11-09', 'Manaus', 35),
('Victor Machado', '29234567890', '1983-04-01', 'Porto Alegre', 41),
('Michele Souza', '30234567890', '1991-06-22', 'Brasília', 33),
('Rogério Mendes', '31234567890', '1985-09-14', 'São Paulo', 39),
('Carolina Cunha', '32234567890', '1980-10-08', 'Rio de Janeiro', 43),
('Márcio Braga', '33234567890', '1990-12-27', 'Belo Horizonte', 33),
('Adriana Rocha', '34234567890', '1996-07-30', 'Curitiba', 27),
('Wagner Nunes', '35234567890', '1987-01-03', 'Salvador', 37),
('Natália Silva', '36234567890', '1995-09-11', 'Fortaleza', 28),
('Otávio Melo', '37234567890', '1982-11-22', 'Recife', 41),
('Fabiana Almeida', '38234567890', '1980-02-15', 'Manaus', 44);


SELECT * FROM PASSAGEIRO;

------------------------------------------------------------------------------------

INSERT INTO BAGAGEM (ID_BAGAGEM, TIPO, PESO, FK_ID_PASSAGEIRO) VALUES 
(NULL, 'MOCHILA', 7.2, 1),
(NULL, 'MALA', 15.0, 2),
(NULL, 'MALA GRANDE', 23.5, 3),
(NULL, 'MOCHILA', 8.0, 4),
(NULL, 'MALA', 10.2, 5),
(NULL, 'MALA GRANDE', 24.0, 6),
(NULL, 'MOCHILA', 7.9, 7),
(NULL, 'MALA', 15.8, 8),
(NULL, 'MALA GRANDE', 22.1, 9),
(NULL, 'MOCHILA', 6.1, 10),
(NULL, 'MALA', 9.8, 11),
(NULL, 'MALA GRANDE', 25.0, 12),
(NULL, 'MOCHILA', 8.2, 13),
(NULL, 'MALA', 10.0, 14),
(NULL, 'MALA GRANDE', 16.4, 15),
(NULL, 'MOCHILA', 12.3, 16),
(NULL, 'MALA', 11.5, 17),
(NULL, 'MALA GRANDE', 14.2, 18),
(NULL, 'MOCHILA', 7.4, 19),
(NULL, 'MALA', 13.7, 20),
(NULL, 'MALA GRANDE', 19.5, 21),
(NULL, 'MOCHILA', 6.0, 22),
(NULL, 'MALA', 10.4, 23),
(NULL, 'MALA GRANDE', 21.0, 24),
(NULL, 'MOCHILA', 8.5, 25),
(NULL, 'MALA', 12.0, 26),
(NULL, 'MALA GRANDE', 23.0, 27),
(NULL, 'MOCHILA', 7.2, 28),
(NULL, 'MALA', 14.0, 29),
(NULL, 'MALA GRANDE', 20.5, 30),
(NULL, 'MOCHILA', 6.9, 31),
(NULL, 'MALA', 13.0, 32),
(NULL, 'MALA GRANDE', 22.5, 33),
(NULL, 'MOCHILA', 9.1, 34),
(NULL, 'MALA', 11.0, 35),
(NULL, 'MALA GRANDE', 18.4, 36),
(NULL, 'MOCHILA', 8.7, 37),
(NULL, 'MALA', 12.5, 38),
(NULL, 'MALA GRANDE', 21.3, 39),
(NULL, 'MOCHILA', 7.6, 40),
(NULL, 'MALA', 10.9, 41),
(NULL, 'MALA GRANDE', 24.0, 42),
(NULL, 'MOCHILA', 6.5, 43),
(NULL, 'MALA', 13.5, 44),
(NULL, 'MALA GRANDE', 19.0, 45),
(NULL, 'MOCHILA', 7.8, 46),
(NULL, 'MALA', 11.7, 47),
(NULL, 'MALA GRANDE', 20.0, 48);

SELECT TIPO , PESO , NOME_PASSAGEIRO AS NOME FROM BAGAGEM
JOIN PASSAGEIRO 
ON ID_PASSAGEIRO = FK_ID_PASSAGEIRO;

-------------------------------------------------------------------------------------------

INSERT INTO COMPANHIA_AEREA (ID_COMPANHIA_AEREA, NOME_COMPANHIA_AEREA, STATUS_COMPANHIA_AEREA) VALUES 
(1, 'Azul Linhas Aéreas', TRUE),
(2, 'LATAM Airlines', TRUE),
(3, 'Gol Linhas Aéreas', TRUE),
(4, 'Avianca Brasil', TRUE),
(5, 'Passaredo Linhas Aéreas', TRUE);

select * from COMPANHIA_AEREA;

--------------------------------------------------------------------------------------------
INSERT INTO AERONAVE (ID_AERONAVE, CODIGO_IDENTIFICACAO, FK_COMPANHIA_AEREA) VALUES 
(NULL, 'AZ12345', 1),
(NULL, 'LAT67890', 2),
(NULL, 'GOL11223', 3),
(NULL, 'AVI33445', 4),
(NULL, 'PAS55667', 5),
(NULL, 'AZ22334', 1),
(NULL, 'LAT44556', 2),
(NULL, 'GOL66778', 3),
(NULL, 'AVI88990', 4),
(NULL, 'PAS00123', 5);

select CODIGO_IDENTIFICACAO , NOME_COMPANHIA_AEREA from aeronave
join COMPANHIA_AEREA
on id_companhia_aerea = FK_COMPANHIA_AEREA;

----------------------------------------------------------------------------------------------

INSERT INTO FUNCIONARIOS (ID_FUNCIONARIOS, NOME_FUNCIONARIO, DATA_NASCIMENTO, CPF, FK_COMPANHIA_AEREA) VALUES 
(1, 'Carlos Silva', '1985-04-12', '12345678901', 1),
(2, 'Ana Pereira', '1990-08-23', '23456789012', 2),
(3, 'José Santos', '1982-11-05', '34567890123', 3),
(4, 'Maria Oliveira', '1979-02-17', '45678901234', 4),
(5, 'Lucas Lima', '1993-06-30', '56789012345', 5),
(6, 'Fernanda Costa', '1987-09-25', '67890123456', 1),
(7, 'Ricardo Almeida', '1980-12-12', '78901234567', 2),
(8, 'Paula Ferreira', '1992-03-14', '89012345678', 3),
(9, 'Rafael Gomes', '1991-05-19', '90123456789', 4),
(10, 'Juliana Souza', '1986-07-22', '01234567890', 5),
(11, 'Marcos Araújo', '1983-10-08', '10987654321', 1),
(12, 'Isabela Ribeiro', '1994-01-03', '21876543210', 2),
(13, 'Tiago Carvalho', '1989-11-11', '32765432109', 3),
(14, 'Larissa Mendes', '1984-08-09', '43654321098', 4),
(15, 'Bruno Rocha', '1995-02-27', '54543210987', 5),
(16, 'Tatiana Martins', '1988-04-14', '65432109876', 1),
(17, 'André Silva', '1981-06-05', '76321098765', 2),
(18, 'Patrícia Nunes', '1990-09-30', '87210987654', 3),
(19, 'Fábio Costa', '1993-12-21', '98109876543', 4),
(20, 'Carla Castro', '1985-02-10', '01987654321', 5),
(21, 'Eduardo Teixeira', '1986-03-15', '12876543210', 1),
(22, 'Renata Barros', '1989-07-20', '23765432109', 2),
(23, 'Guilherme Lopes', '1992-10-04', '34654321098', 3),
(24, 'Viviane Almeida', '1987-05-13', '45543210987', 4),
(25, 'Diego Souza', '1983-09-29', '56432109876', 5),
(26, 'Aline Fernandes', '1991-01-07', '67321098765', 1),
(27, 'Leonardo Reis', '1994-06-11', '78210987654', 2),
(28, 'Simone Borges', '1982-12-19', '89109876543', 3),
(29, 'Rodrigo Moreira', '1988-04-25', '01976543212', 4),
(30, 'Letícia Lima', '1990-08-31', '12865432109', 5);

select * from FUNCIONARIOS;


SELECT NOME_FUNCIONARIO, NOME_COMPANHIA_AEREA
FROM FUNCIONARIOS
RIGHT JOIN COMPANHIA_AEREA 
ON FUNCIONARIOS.FK_COMPANHIA_AEREA = COMPANHIA_AEREA.ID_COMPANHIA_AEREA;


------------------------------------------------------------------------------------
INSERT INTO PORTAO_TERMINAL (ID_PORTAO_TERMINAL, NUMERO_PORTAO, TIPO) VALUES 
(NULL, 1, 'NACIONAL'),
(NULL, 2, 'NACIONAL'),
(NULL, 3, 'NACIONAL'),
(NULL, 4, 'INTERNACIONAL');

------------------------------------------------------------------------------------
SELECT 
    V.ID_VOO, 
    V.CODIGO_VOO, 
    V.HORARIO_PARTIDA, 
    V.HORARIO_CHEGADA, 
    V.OBSERVACAO, 
    PT.NUMERO_PORTAO AS PORTAO_TERMINAL, 
    CA.NOME_COMPANHIA_AEREA AS COMPANHIA_AEREA
FROM VOO V
RIGHT JOIN PORTAO_TERMINAL PT ON V.FK_PORTAO_TERMINAL = PT.ID_PORTAO_TERMINAL
JOIN COMPANHIA_AEREA CA ON V.FK_COMPANHIA_AEREA = CA.ID_COMPANHIA_AEREA;

---------------------------------------------------------------------------------------
INSERT INTO PASSAGEM (FK_VOO, FK_PASSAGEIRO, VALOR, CLASSE, DESTINO) VALUES (1, 2, 450.00, 'ECONOMICA', 'São Paulo');
INSERT INTO PASSAGEM (FK_VOO, FK_PASSAGEIRO, VALOR, CLASSE, DESTINO) VALUES (2, 3, 850.00, 'EXECUTIVA', 'Rio de Janeiro');
INSERT INTO PASSAGEM (FK_VOO, FK_PASSAGEIRO, VALOR, CLASSE, DESTINO) VALUES (3, 4, 380.00, 'ECONOMICA', 'Salvador');
INSERT INTO PASSAGEM (FK_VOO, FK_PASSAGEIRO, VALOR, CLASSE, DESTINO) VALUES (4, 5, 920.00, 'EXECUTIVA', 'Brasília');
INSERT INTO PASSAGEM (FK_VOO, FK_PASSAGEIRO, VALOR, CLASSE, DESTINO) VALUES (5, 6, 500.00, 'ECONOMICA', 'Belo Horizonte');
INSERT INTO PASSAGEM (FK_VOO, FK_PASSAGEIRO, VALOR, CLASSE, DESTINO) VALUES (6, 7, 470.00, 'ECONOMICA', 'Fortaleza');
INSERT INTO PASSAGEM (FK_VOO, FK_PASSAGEIRO, VALOR, CLASSE, DESTINO) VALUES (7, 8, 810.00, 'EXECUTIVA', 'Recife');
INSERT INTO PASSAGEM (FK_VOO, FK_PASSAGEIRO, VALOR, CLASSE, DESTINO) VALUES (8, 9, 600.00, 'ECONOMICA', 'Porto Alegre');
INSERT INTO PASSAGEM (FK_VOO, FK_PASSAGEIRO, VALOR, CLASSE, DESTINO) VALUES (9, 10, 700.00, 'EXECUTIVA', 'Curitiba');
INSERT INTO PASSAGEM (FK_VOO, FK_PASSAGEIRO, VALOR, CLASSE, DESTINO) VALUES (10, 11, 400.00, 'ECONOMICA', 'Manaus');
INSERT INTO PASSAGEM (FK_VOO, FK_PASSAGEIRO, VALOR, CLASSE, DESTINO) VALUES (11, 12, 650.00, 'ECONOMICA', 'Belém');
INSERT INTO PASSAGEM (FK_VOO, FK_PASSAGEIRO, VALOR, CLASSE, DESTINO) VALUES (12, 13, 900.00, 'EXECUTIVA', 'Florianópolis');
INSERT INTO PASSAGEM (FK_VOO, FK_PASSAGEIRO, VALOR, CLASSE, DESTINO) VALUES (13, 14, 550.00, 'ECONOMICA', 'Vitória');
INSERT INTO PASSAGEM (FK_VOO, FK_PASSAGEIRO, VALOR, CLASSE, DESTINO) VALUES (14, 15, 820.00, 'EXECUTIVA', 'Goiânia');
INSERT INTO PASSAGEM (FK_VOO, FK_PASSAGEIRO, VALOR, CLASSE, DESTINO) VALUES (15, 16, 530.00, 'ECONOMICA', 'Natal');
INSERT INTO PASSAGEM (FK_VOO, FK_PASSAGEIRO, VALOR, CLASSE, DESTINO) VALUES (1, 17, 760.00, 'EXECUTIVA', 'São Luís');
INSERT INTO PASSAGEM (FK_VOO, FK_PASSAGEIRO, VALOR, CLASSE, DESTINO) VALUES (2, 18, 420.00, 'ECONOMICA', 'Maceió');
INSERT INTO PASSAGEM (FK_VOO, FK_PASSAGEIRO, VALOR, CLASSE, DESTINO) VALUES (3, 19, 780.00, 'EXECUTIVA', 'Campo Grande');
INSERT INTO PASSAGEM (FK_VOO, FK_PASSAGEIRO, VALOR, CLASSE, DESTINO) VALUES (4, 20, 500.00, 'ECONOMICA', 'João Pessoa');
INSERT INTO PASSAGEM (FK_VOO, FK_PASSAGEIRO, VALOR, CLASSE, DESTINO) VALUES (5, 21, 840.00, 'EXECUTIVA', 'Aracaju');
INSERT INTO PASSAGEM (FK_VOO, FK_PASSAGEIRO, VALOR, CLASSE, DESTINO) VALUES (6, 22, 560.00, 'ECONOMICA', 'Boa Vista');
INSERT INTO PASSAGEM (FK_VOO, FK_PASSAGEIRO, VALOR, CLASSE, DESTINO) VALUES (7, 23, 720.00, 'EXECUTIVA', 'Macapá');
INSERT INTO PASSAGEM (FK_VOO, FK_PASSAGEIRO, VALOR, CLASSE, DESTINO) VALUES (8, 24, 600.00, 'ECONOMICA', 'Rio Branco');
INSERT INTO PASSAGEM (FK_VOO, FK_PASSAGEIRO, VALOR, CLASSE, DESTINO) VALUES (9, 25, 820.00, 'EXECUTIVA', 'Palmas');
INSERT INTO PASSAGEM (FK_VOO, FK_PASSAGEIRO, VALOR, CLASSE, DESTINO) VALUES (10, 26, 480.00, 'ECONOMICA', 'Cuiabá');
INSERT INTO PASSAGEM (FK_VOO, FK_PASSAGEIRO, VALOR, CLASSE, DESTINO) VALUES (11, 27, 890.00, 'EXECUTIVA', 'Teresina');
INSERT INTO PASSAGEM (FK_VOO, FK_PASSAGEIRO, VALOR, CLASSE, DESTINO) VALUES (12, 28, 510.00, 'ECONOMICA', 'Porto Velho');
INSERT INTO PASSAGEM (FK_VOO, FK_PASSAGEIRO, VALOR, CLASSE, DESTINO) VALUES (13, 29, 800.00, 'EXECUTIVA', 'Salvador');
INSERT INTO PASSAGEM (FK_VOO, FK_PASSAGEIRO, VALOR, CLASSE, DESTINO) VALUES (14, 30, 530.00, 'ECONOMICA', 'Recife');


SELECT CODIGO_VOO , NOME_PASSAGEIRO CLASSE, DESTINO FROM PASSAGEM
LEFT JOIN VOO ON FK_VOO = ID_VOO
JOIN PASSAGEIRO ON ID_PASSAGEIRO = FK_PASSAGEIRO;


------------------------------------------------------------------------------------------------------------------------

INSERT INTO ESCALA_FUNCIONARIOS (FK_FUNCIONARIOS, FK_AERONAVE, DIA_TRABALHO) VALUES (1, 1, '2024-08-12 08:00:00');
INSERT INTO ESCALA_FUNCIONARIOS (FK_FUNCIONARIOS, FK_AERONAVE, DIA_TRABALHO) VALUES (2, 2, '2024-08-12 14:00:00');
INSERT INTO ESCALA_FUNCIONARIOS (FK_FUNCIONARIOS, FK_AERONAVE, DIA_TRABALHO) VALUES (3, 3, '2024-08-13 08:00:00');
INSERT INTO ESCALA_FUNCIONARIOS (FK_FUNCIONARIOS, FK_AERONAVE, DIA_TRABALHO) VALUES (4, 4, '2024-08-13 14:00:00');
INSERT INTO ESCALA_FUNCIONARIOS (FK_FUNCIONARIOS, FK_AERONAVE, DIA_TRABALHO) VALUES (5, 5, '2024-08-14 08:00:00');
INSERT INTO ESCALA_FUNCIONARIOS (FK_FUNCIONARIOS, FK_AERONAVE, DIA_TRABALHO) VALUES (6, 6, '2024-08-14 14:00:00');
INSERT INTO ESCALA_FUNCIONARIOS (FK_FUNCIONARIOS, FK_AERONAVE, DIA_TRABALHO) VALUES (7, 7, '2024-08-15 08:00:00');
INSERT INTO ESCALA_FUNCIONARIOS (FK_FUNCIONARIOS, FK_AERONAVE, DIA_TRABALHO) VALUES (8, 8, '2024-08-15 14:00:00');
INSERT INTO ESCALA_FUNCIONARIOS (FK_FUNCIONARIOS, FK_AERONAVE, DIA_TRABALHO) VALUES (9, 9, '2024-08-16 08:00:00');
INSERT INTO ESCALA_FUNCIONARIOS (FK_FUNCIONARIOS, FK_AERONAVE, DIA_TRABALHO) VALUES (10, 10, '2024-08-16 14:00:00');
INSERT INTO ESCALA_FUNCIONARIOS (FK_FUNCIONARIOS, FK_AERONAVE, DIA_TRABALHO) VALUES (11, 1, '2024-08-17 08:00:00');
INSERT INTO ESCALA_FUNCIONARIOS (FK_FUNCIONARIOS, FK_AERONAVE, DIA_TRABALHO) VALUES (12, 2, '2024-08-17 14:00:00');
INSERT INTO ESCALA_FUNCIONARIOS (FK_FUNCIONARIOS, FK_AERONAVE, DIA_TRABALHO) VALUES (13, 3, '2024-08-18 08:00:00');
INSERT INTO ESCALA_FUNCIONARIOS (FK_FUNCIONARIOS, FK_AERONAVE, DIA_TRABALHO) VALUES (14, 4, '2024-08-18 14:00:00');
INSERT INTO ESCALA_FUNCIONARIOS (FK_FUNCIONARIOS, FK_AERONAVE, DIA_TRABALHO) VALUES (15, 5, '2024-08-19 08:00:00');
INSERT INTO ESCALA_FUNCIONARIOS (FK_FUNCIONARIOS, FK_AERONAVE, DIA_TRABALHO) VALUES (16, 6, '2024-08-19 14:00:00');
INSERT INTO ESCALA_FUNCIONARIOS (FK_FUNCIONARIOS, FK_AERONAVE, DIA_TRABALHO) VALUES (17, 7, '2024-08-20 08:00:00');
INSERT INTO ESCALA_FUNCIONARIOS (FK_FUNCIONARIOS, FK_AERONAVE, DIA_TRABALHO) VALUES (18, 8, '2024-08-20 14:00:00');
INSERT INTO ESCALA_FUNCIONARIOS (FK_FUNCIONARIOS, FK_AERONAVE, DIA_TRABALHO) VALUES (19, 9, '2024-08-21 08:00:00');
INSERT INTO ESCALA_FUNCIONARIOS (FK_FUNCIONARIOS, FK_AERONAVE, DIA_TRABALHO) VALUES (20, 10, '2024-08-21 14:00:00');
INSERT INTO ESCALA_FUNCIONARIOS (FK_FUNCIONARIOS, FK_AERONAVE, DIA_TRABALHO) VALUES (21, 1, '2024-08-22 08:00:00');
INSERT INTO ESCALA_FUNCIONARIOS (FK_FUNCIONARIOS, FK_AERONAVE, DIA_TRABALHO) VALUES (22, 2, '2024-08-22 14:00:00');
INSERT INTO ESCALA_FUNCIONARIOS (FK_FUNCIONARIOS, FK_AERONAVE, DIA_TRABALHO) VALUES (23, 3, '2024-08-23 08:00:00');
INSERT INTO ESCALA_FUNCIONARIOS (FK_FUNCIONARIOS, FK_AERONAVE, DIA_TRABALHO) VALUES (24, 4, '2024-08-23 14:00:00');
INSERT INTO ESCALA_FUNCIONARIOS (FK_FUNCIONARIOS, FK_AERONAVE, DIA_TRABALHO) VALUES (25, 5, '2024-08-24 08:00:00');


select DIA_TRABALHO , NOME_FUNCIONARIO , CODIGO_IDENTIFICACAO from escala_funcionarios
left join funcionarios on ID_FUNCIONARIOS = fk_funcionarios
join aeronave on ID_AERONAVE = FK_AERONAVE;